"data__created_at","data__author_id","data__id","data__text","data__public_metrics__retweet_count","data__public_metrics__reply_count","data__public_metrics__like_count","data__public_metrics__quote_count","data__public_metrics__bookmark_count","data__public_metrics__impression_count","data__edit_history_tweet_ids__-","meta__newest_id","meta__oldest_id","meta__result_count","meta__next_token"
"2024-12-11T02:31:20.000Z","1800984390702436352","1866672085143109995","Nvidia y Taiwan Semiconductor conversan para fabricar el nuevo chip de IA Blackwell \n\nEste movimiento refuerza la apuesta de Nvidia por la producción en Estados Unidos\n\n¿Qué impacto tendrá esto en  Nvidia en  y en el crecimiento de TSMC?\n\n#Nvidia #TSMC #Blackwell #IA #Tecnología","0","0","1","0","0","1","1866672085143109995","1866672085143109995","1866649360429088785","100","b26v89c19zqg8o3frr3temfmp13z9sog4spue67l7n24d"
"2024-12-11T02:30:00.000Z","1806870348312576000","1866671747568898472","🌟¡La computación cuántica avanza a pasos gigantes!🚀✨\n\n#Innovación #Tecnología #ComputaciónCuántica\n\nhttps://t.co/Mldwaik22D","0","0","0","0","0","0","1866671747568898472","","","",""
"2024-12-11T02:29:42.000Z","187858030","1866671670590644435","eProvided salvages damaged USB drives. Whether a broken USB or a crushed USB, recover all data from damaged USB sticks with our USB data recovery.\n\nStart: https://t.co/MoI5Y42ApE\nMore: https://t.co/roHdjRfZ7T\nCall: 866-857-5950 #working #science #tech #pc #usb #data #ai #save #ai https://t.co/bmCLyactDV","0","0","0","0","0","2","1866671670590644435","","","",""
"2024-12-11T02:28:48.000Z","1657236247449075712","1866671446061130084","RT @BetaMoroney: #Yelp Adds #AI-Powered Insights to Its Business Reviews\n\n#artificialintelligence #generativeai #data #cybersecurity #digit…","3","0","0","0","0","0","1866671446061130084","","","",""
"2024-12-11T02:28:41.000Z","362592690","1866671418408309248","#Google is teaming up to build massive renewable-powered #data centers, aiming to sidestep grid pollution and accelerate clean energy adoption for AI—a huge leap for green tech!","0","1","0","0","0","6","1866671418408309248","","","",""
"2024-12-11T02:28:27.000Z","1618064465735434240","1866671358526066892","RT @darrinlewisjr: #XDC Enigio working with J.P. Morgan is the beginning S-curve of Digitalisation.\n\n#XDCNetwork #traceoriginal #MLETR #Dig…","202","0","0","0","0","0","1866671358526066892","","","",""
"2024-12-11T02:27:03.000Z","1834814228357697536","1866671006347092201","A ‘Ghost Gun’ Associada a Luigi Mangione Mostra Até Onde as Armas 3D Imprimidas Chegaram\n\n#arma3D #ghostgun #libertarianismo #controledearmas #tecnologia #DIY #segurança #impressão3D #armas #direitosdasarmas\n\nhttps://t.co/FZnyo8w1OK","0","0","0","0","0","90","1866671006347092201","","","",""
"2024-12-11T02:24:26.000Z","1482889086","1866670346839245252","RT @ai_shareai: 🌐 Breaking Barriers in Data Sharing 🌐\nWith #AIShare, users can securely share, monetize, and access #data in a decentralize…","51","0","0","0","0","0","1866670346839245252","","","",""
"2024-12-11T02:23:40.000Z","1583425327765897217","1866670153208905963","🚨ALERT! WEB3 JOB OPENING🚨\n\nDATA ENGINEER | #Engineering\n\n👉 Apply here: https://t.co/qmqp4EGQ54\n#SolanaCareers #CryptoRecruitment #Data #Engineer by @WEB3_JOBot","0","0","0","0","0","11","1866670153208905963","","","",""
"2024-12-11T02:22:49.000Z","511740616","1866669941102895505","The Hardest Part About Microservices: Your #Data;Continuing on with my series about microservices implementations (see “Why Microservices Should Be Event Driven,” “Three things to make your mi\n\nhttps://t.co/sBuvBO6ocC\n#devops #datascience #algorithms","0","0","0","0","0","21","1866669941102895505","","","",""
"2024-12-11T02:21:42.000Z","1721607618379091968","1866669658062946683","For hacking or any account Recovery Dm now ! #Roblox #RobloxDown #TikTok #Discord #reddit #Data Science #Data Scientists #Snapchat #Tech #deeplearning #CyberSecurity #Python #Coding #javascript #rstats #100DaysOfCode #facebooksupport #Linux #BigData #snapchatdown #telegram https://t.co/XAAB8Dr5hL","0","0","0","0","0","0","1866669658062946683","","","",""
"2024-12-11T02:19:00.000Z","1329756935449669635","1866668978581672398","{OncoDataSets} 📦 A Comprehensive Collection of Cancer Types and Cancer-Related Datasets\nhttps://t.co/XhE6BDi2ib\n#datascience #coding #programming #rstats #rstudio #stats #statistics #opensource #data #cancer #oncology #oncologia #research #dataviz #datavisualization #AI https://t.co/Vi0bG7C4Sv","0","0","1","0","1","29","1866668978581672398","","","",""
"2024-12-11T02:18:17.000Z","1672250200537047043","1866668800411631819","RT @KyotoFDN: We have appointed @hackenclub as our official #security auditor🔐\n\nThe audit will ensure #compliance, #security and #transpare…","6216","0","0","0","0","0","1866668800411631819","","","",""
"2024-12-11T02:18:03.000Z","1781418543747411968","1866668739061563537","#Trending Post : Network security best practices for the holidays – Sophos News https://t.co/rS2wxEKTEf\n\n#technology #Tech #TechNews #Tech4All #Trending #TrendingNow #AI #Software #cybersecurity #Security #CryptoNews #Bitcoin #bitcoin100k #business #data https://t.co/sjHMhtigR8","0","0","0","0","0","6","1866668739061563537","","","",""
"2024-12-11T02:16:00.000Z","702095827","1866668224009339121","RT @FastCompany: A 4-pronged approach to unlock #AI’s potential. Just as clean, oxygen-rich blood is essential for a healthy body, high-qua…","9","0","0","0","0","0","1866668224009339121","","","",""
"2024-12-11T02:15:00.000Z","135922295","1866667972678299997","Check it. EU’s data protection supervisor reviewing Microsoft 365 report https://t.co/bdJUuF939T #tech #digital #data #privacy","0","0","0","0","0","26","1866667972678299997","","","",""
"2024-12-11T02:14:40.000Z","83022975","1866667888976990667","RT @RoberthAnthonny: Precio del iPhone 16 en Perú 🦙 🇵🇪\nhttps://t.co/huUwLLtLne 👈🏻 Te invito a un recorrido on line por las dos tiendas auto…","1","0","0","0","0","0","1866667888976990667","","","",""
"2024-12-11T02:14:14.000Z","601630381","1866667782202429484","It pays to share your data with TARTLE! I've just earned for my valuable insights. Discover how your data can reward you too! Join me here: https://t.co/6T1ppyD8YB #data #TARTLE","0","0","0","0","0","3","1866667782202429484","","","",""
"2024-12-11T02:13:37.000Z","1229789659","1866667626648440961","RT @torcuatomix: Seguimos sumando ""mimos"" para nuestros clientes con sus compras, se vienen los #Almanaques2025 en #TorcuatoMIX. Excelente…","1","0","0","0","0","0","1866667626648440961","","","",""
"2024-12-11T02:11:47.000Z","1325830045","1866667164490691012","We consider:\n📉 How AI could help overcome some of Australia’s longstanding productivity challenges\n💡 How technology-agnostic regulation could help manage risks without stifling innovation\n\n#ArtificialIntelligence #Data","0","1","0","0","0","3","1866667164490691012","","","",""
"2024-12-11T02:08:05.000Z","1571874066130239490","1866666232222716303","RT @FeTrabalho1: Retratos da modernidade.\n\n--\n\n#modernidade #relacionamentos #telas #tecnologia #liberdade #amor https://t.co/p74ROtE9sE","3","0","0","0","0","0","1866666232222716303","","","",""
"2024-12-11T02:08:02.000Z","47839880","1866666220918862207","1. 💻 Willow: La nueva generación de chips cuánticos. Google ha presentado Willow, su nuevo procesador cuántico que promete superar las limitaciones de la computación tradicional. #ComputaciónCuántica #Google #Innovación #Tecnología https://t.co/sILMxXiwOr","0","1","0","0","0","23","1866666220918862207","","","",""
"2024-12-11T02:07:56.000Z","284738485","1866666194130051318","RT @Ciencia_UNAM: #Tecnología  | La Inteligencia Artificial trata de desarrollar sistemas informáticos capaces de realizar tareas que se at…","61","0","0","0","0","0","1866666194130051318","","","",""
"2024-12-11T02:06:33.000Z","1310652421983608834","1866665846375854185","#Tecnología🔴Según los ingenieros de #Google, su nueva tecnología logró #resolver un #problema que hubiera tomado diez #cuatrillones de años.\n\nhttps://t.co/60zAcGbpBd","0","0","0","0","0","9","1866665846375854185","","","",""
"2024-12-11T02:05:45.000Z","1834014349368676352","1866665643703144854","🚀🌐 ¡Dia ha llegado! Un navegador que transforma la experiencia en la web con IA. Di adiós a las URL🐞 y hola a un futuro intuitivo. ¿Listo para esta nueva era? #Dia #Tecnología #NavegaciónFutura\nhttps://t.co/P0rKqjdChE","0","0","0","0","0","8","1866665643703144854","","","",""
"2024-12-11T02:05:35.000Z","325778781","1866665605543215479","🏃‍♂️ ¡Captura cada instante con Kingston! La memoria SD Canvas Go! Plus 1TB es perfecta para cámaras, drones y dispositivos Android. Velocidad extrema hasta 170MB/s y compatibilidad U3, V30, A2.\n📞 2202-1200 | WhatsApp: 8468-3532\n#MemoriaKingston #Tecnología https://t.co/lxinzA1oiZ","0","0","0","0","0","54","1866665605543215479","","","",""
"2024-12-11T02:05:07.000Z","1834014349368676352","1866665486680985937","🌟 La evolución de Marvell es asombrosa! Desde soluciones de almacenamiento hasta chips de IA en alianza con Amazon. ¿Qué futuro le espera? 💻 #Marvell #IA #Crecimiento #Tecnología\nhttps://t.co/9fCYGqGY7y","0","0","0","0","0","13","1866665486680985937","","","",""
"2024-12-11T02:04:57.000Z","1261744213668085762","1866665442401529955","DevOps is a collaborative approach that combines development and operations teams to improve software delivery. It involves developers taking on tasks traditionally handled by operations, such as server management, deployments, and system testing -oreilly  #data #devops","0","0","0","0","0","10","1866665442401529955","","","",""
"2024-12-11T02:03:43.000Z","963476347476758528","1866665135101681774","Confira as celebrações e os acontecimentos importantes de 11 de dezembro de 2024.\n#data\nhttps://t.co/k5GNvONrB5","0","0","0","0","0","2","1866665135101681774","","","",""
"2024-12-11T02:02:59.000Z","1437209978696130568","1866664948199530723","RT @JasmyDetective: Hidden Gem you must look at !\n\nThink about this @sylo being the #data infrastructure layer with @altstatemachine which…","4","0","0","0","0","0","1866664948199530723","","","",""
"2024-12-11T02:01:02.000Z","2303223282","1866664458585579728","Seguimos sumando ""mimos"" para nuestros clientes con sus compras, se vienen los #Almanaques2025 en #TorcuatoMIX. Excelente laburo, calidad precio de mis amigos de Romy Manualidades súper recomendables! 👏💪🫶👌😊 #TorcuatoMIX #Librería #Bazar #Regalería #Tecnología #Emprendedores https://t.co/yEIhemyHHS","1","0","1","0","0","4","1866664458585579728","","","",""
"2024-12-11T02:00:10.000Z","1222490974221488128","1866664241643814978","RT @FAOeagriculture: 💡Soil for success @Cop16Riyadh!\n\n🌾 SoilFER empowers farmers with digital tools to boost soil health, combining detaile…","5","0","0","0","0","0","1866664241643814978","","","",""
"2024-12-11T02:00:05.000Z","86092432","1866664218763628665","Combining #ai and #property #tech ...excellent @NuklaiData $NAI \n\n#rwa $rwa #data https://t.co/JuH6wZRX7y","0","0","1","0","0","23","1866664218763628665","","","",""
"2024-12-11T02:00:01.000Z","706960462668107776","1866664202234146840","🍏💡 ¡Apple Intelligence en el futuro! 🚀 Cambios revolucionarios en tu experiencia tecnológica. ¡No te lo pierdas! 🌟📱 #Apple #Tecnología #appleintelligence  https://t.co/sGtfzNpHt9","0","0","0","0","0","14","1866664202234146840","","","",""
"2024-12-11T02:00:00.000Z","1728288385197051904","1866664198396105171","Melakukan Analisis Data #digitalmarketing #smo #socialmedia #chatgpt #ai #fypシ゚viral #data #digital \nhttps://t.co/w5aZeTPb0p \n\nAI Generated: 😊 \n* Image: ChatGPT\n* Video: Klingai\n* Lipsyinc: Klingai\n* TTS: Clipchamp\n* Editing Tools: Clipchamp https://t.co/rKiwYa0aXr","0","0","0","0","0","0","1866664198396105171","","","",""
"2024-12-11T01:58:37.000Z","1471170266562760707","1866663848293388796","🔵 Más info del tema: https://t.co/DYuOTeKyT4 👈\n#SomosBioCareMx #cancer #medicina #tejido #unam #ipn #uanl #microscopio #biologia #salud #tecnología #ciencia #laboratorio #histotec https://t.co/lHjbIeX80A","0","0","0","0","0","9","1866663848293388796","","","",""
"2024-12-11T01:58:01.000Z","1781418543747411968","1866663699085242535","#Trending Post : Bitcoin Liquidations Hit Three-Year High Amid $1.6B Wipeout https://t.co/qYlaL7AbnN\n\n#technology #Tech #TechNews #Tech4All #Trending #TrendingNow #AI #Software #cybersecurity #Security #CryptoNews #Bitcoin #bitcoin100k #business #data https://t.co/38feSgx61M","0","0","0","0","0","5","1866663699085242535","","","",""
"2024-12-11T01:55:51.000Z","1440383239","1866663154287251907","RT @Ronald_vanLoon: Pillars for Generative #AI Success\nby @Ronald_vanLoon &amp; @ThomasC_IBM |\n\n#IBMPartner @IBM @Deloitte #GenerativeAI #Artif…","17","0","0","0","0","0","1866663154287251907","","","",""
"2024-12-11T01:51:31.000Z","1810652500456034305","1866662065139749126","RT @bozenna: ""#Decentralized #data #centers are a game changer. They bring computing power and data storage closer to where the data genera…","1","0","0","0","0","0","1866662065139749126","","","",""
"2024-12-11T01:50:21.000Z","1647009976429207555","1866661770581975545","RT @4UAICrypto: Alright ForUnation, time to make your mark. 😼\n\n⬇️ Copy and add this ⬇️\nฅ^◡ ⩊ ◡^ฅ \n\nInto your profile name and let everyone…","997","0","0","0","0","0","1866661770581975545","","","",""
"2024-12-11T01:50:19.000Z","90272103","1866661759882527138","RT @Ronald_vanLoon: The World of #AI &amp; #Data \nvia @KirkDBorne\n\n#BigData #MachineLearning #ArtificialIntelligence \n\ncc: @rtehrani @pascal_bo…","2","0","0","0","0","0","1866661759882527138","","","",""
"2024-12-11T01:50:00.000Z","151154260","1866661681167991101","#Tecnología | La fiscalía de Milán en Italia considera que Meta debe millones de euros de IVA\nhttps://t.co/LjdwmfEYaL","0","0","0","0","0","585","1866661681167991101","","","",""
"2024-12-11T01:46:06.000Z","335855072","1866660699168182741","RT @RedMasNoticias: #Tecnología | Así puede activar la función de transcripción de mensajes de voz en WhatsApp.\n\nhttps://t.co/jyTTRKgtJ4","1","0","0","0","0","0","1866660699168182741","","","",""
"2024-12-11T01:44:23.000Z","1231197327743844352","1866660268580667412","2/2 Boosting #Efficiency, #Transparency, and #Data Security – Reducing labor costs and enhancing visibility! Every step is securely logged on the blockchain for real-time policyholder tracking. Advanced encryption safeguards sensitive data.\n#InsuranceClaims #GlobalInsurance","0","0","0","0","0","88","1866660268580667412","","","",""
"2024-12-11T01:44:03.000Z","1781418543747411968","1866660185328046333","#Trending Post : Microsoft Fixes Zero-Day, Critical RCEs in Patch Tuesday https://t.co/ncjMwQtRia\n\n#technology #Tech #TechNews #Tech4All #Trending #TrendingNow #AI #Software #cybersecurity #Security #CryptoNews #Bitcoin #bitcoin100k #business #data https://t.co/FRtrmhRmKu","0","0","0","0","0","6","1866660185328046333","","","",""
"2024-12-11T01:40:48.000Z","481970808","1866659366390337741","RT @AlpineBlock: #Governments &amp; #tech companies have had high ambitions at regulating people’s content &amp; exploiting them over their #data.…","53","0","0","0","0","0","1866659366390337741","","","",""
"2024-12-11T01:39:17.000Z","4417107089","1866658985836949641","It pays to share your data with TARTLE! I've just earned for my valuable insights. Discover how your data can reward you too! Join me here: https://t.co/U8kgCTlnvz #data #TARTLE","0","0","0","0","0","2","1866658985836949641","","","",""
"2024-12-11T01:37:03.000Z","174113910","1866658423233974296","@MileiEmperador De que año venis!? \nA mi no me tomas mas el pelo! \nVos tenes #DATA!!! \nJAJAJAJAJA","0","0","0","0","0","9","1866658423233974296","","","",""
"2024-12-11T01:36:30.000Z","1818149454689783808","1866658285841158511","RT @SimonGreco5: #Jasmy\n#mynumbercard\n#japan\n#data","5","0","0","0","0","0","1866658285841158511","","","",""
"2024-12-11T01:36:00.000Z","1552306153203281920","1866658159177195969","Rethinking Data Strategy? Time to think about Synthetic Data\n\nhttps://t.co/3ROby4PE7D\n\n#Entarch #EnterpriseArchitecture #DigitalTransformation #Data #DataStrategy #DataAnalytics #DataScience #Analytics\n\nhttps://t.co/5YTK3tkjn8","0","0","0","0","0","12","1866658159177195969","","","",""
"2024-12-11T01:35:00.000Z","138123368","1866657906516693118","No se pierdan mañana la Conferencia Magistral ""#Tecnología satelital aplicada a diferentes campos de la ingeniería"" con el M.I. Luis Armando Díaz-Infante Chapa\nMiércoles 11 de diciembre | 17:00 horas. https://t.co/UlIB9utiau","0","0","0","0","0","117","1866657906516693118","","","",""
"2024-12-11T01:34:37.000Z","1561921021","1866657811125637310","RT @AlpineBlock: #Governments &amp; #tech companies have had high ambitions at regulating people’s content &amp; exploiting them over their #data.…","53","0","0","0","0","0","1866657811125637310","","","",""
"2024-12-11T01:33:33.000Z","193998274","1866657543478710705","RT @AlpineBlock: Global internet #freedom has declined for 11 years straight! \n\nIs the rise of #DLT going to help combat this?\n\nSome #web3…","17","0","0","0","0","0","1866657543478710705","","","",""
"2024-12-11T01:31:53.000Z","228780355","1866657120613175537","RT @AlpineBlock: Global internet #freedom has declined for 11 years straight! \n\nIs the rise of #DLT going to help combat this?\n\nSome #web3…","17","0","0","0","0","0","1866657120613175537","","","",""
"2024-12-11T01:31:38.000Z","511740616","1866657057924948214","How to Use #Data to Tell a Stronger Story;Stats, facts, and figures—we all love #data, and it certainly helps make content all the more powerful. #Data, when used properly, makes an argument more compelling, u\n\nhttps://t.co/H3pvDQoWsi\n#Intelligence","0","0","0","0","0","39","1866657057924948214","","","",""
"2024-12-11T01:31:04.000Z","1711265807521710080","1866656915197137287","At present, the #challenges facing #oceanobservation include expanding #deep sea and #polar observation coverage, improving #data quality and consistency, promoting data sharing, responding to #climatechange and accelerating #technological innovation.\nhttps://t.co/nw3WyaH1Y0 https://t.co/k4ojwOytta","0","0","1","0","0","8","1866656915197137287","","","",""
"2024-12-11T01:30:23.000Z","707424127473164289","1866656744493158767","RT @arshad83: 📚 Get a Free Ebook, Recordings, and Courses on Generative AI, AI &amp; ML \n\n Boost your AI skills for 2025! \n\nTo get access to $2…","13","0","0","0","0","0","1866656744493158767","","","",""
"2024-12-11T01:30:02.000Z","1781418543747411968","1866656655342965135","#Trending Post : 27 Loose Symbol Datasets to Spice up Your Laptop Imaginative and prescient Venture https://t.co/NAnSHrM1QP\n\n#technology #Tech #TechNews #Tech4All #Trending #TrendingNow #AI #Software #cybersecurity #Security #CryptoNews #Bitcoin #bitcoin100k #business #data https://t.co/ENKpKzQVvk","0","0","0","0","0","3","1866656655342965135","","","",""
"2024-12-11T01:30:00.000Z","135922295","1866656648619499920","Check it. How and where to view crypto transaction histories https://t.co/rxLmJVZbaI via @cointelegraph #tech #digital #data #privacy","0","0","1","0","0","43","1866656648619499920","","","",""
"2024-12-11T01:30:00.000Z","17709992","1866656647986245637","#Estampas |   Apple incorporó una nueva protección de seguridad para los iPhone con iOS 18.1 que reinicia el dispositivo y lo bloquea de manera automática cuando detecta un tiempo de inactividad para dificultar los intentos de “hackeo”. #Tecnología https://t.co/Qm4J7xWe8l","0","0","0","0","0","78","1866656647986245637","","","",""
"2024-12-11T01:28:34.000Z","231119601","1866656286969844107","RT @AnanseLabs: ⏳️How Sentinel works\n\n🧵SETUP SENTINEL\n\n1️⃣ Client Sends Sensor Data:\nClient connects seamlessly to Sentinel APIs.\n\n2️⃣ Data…","2","0","0","0","0","0","1866656286969844107","","","",""
"2024-12-11T01:27:46.000Z","2894373133","1866656085374914645","RT @JasmyDetective: Hidden Gem you must look at !\n\nThink about this @sylo being the #data infrastructure layer with @altstatemachine which…","4","0","0","0","0","0","1866656085374914645","","","",""
"2024-12-11T01:26:57.000Z","1866622232346103808","1866655880227229781","RT @ruskov_unlock: Today's Hacked! p4photel /blog/today-s-h… #hack #hacked #data #leak #breach #ThreatSlayer  #risk #attack #Cryptocurrency…","1","0","0","0","0","0","1866655880227229781","","","",""
"2024-12-11T01:26:49.000Z","1833673543340466176","1866655846559781324","Qual reclamação você tem??\n Conta #hackeada?\n Senha incorreta ??\n Perdeu a conta??\n etc.\n #Fidelity #Nutmeg #eToro\n #Ameritrade #Ellevest #Bolotas\n #CoinbaseWallet #ZenGo\n #Metamask #TrezorWallet #mineração #moeda #tecnologia #blockchain #inovação\n #TrustWallet #seedphrase https://t.co/KYx9PFgBUo","0","0","0","0","0","2","1866655846559781324","","","",""
"2024-12-11T01:26:25.000Z","2946399807","1866655746135310753","RT @tugan26: 💥💥💥 Ethereum 4.000$ oldu.\n\n💥💥 Maşallah \n\n💥Devammm\n\n#Btc #Eth #Flux #REI #Mdt #Data #Badger #Super  #Om #Fida #Pepe #Joe #Meme…","16","0","0","0","0","0","1866655746135310753","","","",""
"2024-12-11T01:26:19.000Z","1752265962529656832","1866655722584342693","Today's Hacked! p4photel /blog/today-s-h… #hack #hacked #data #leak #breach #ThreatSlayer  #risk #attack #Cryptocurrency\nthreat actor sent over 35,000 phishing emails after hacking into Ethereum Foundation's account on a mailing list platform https://t.co/ppvbhYRyB7","1","0","2","0","0","64","1866655722584342693","","","",""
"2024-12-11T01:25:20.000Z","712653126633971712","1866655472419233869","The Flow of #Data by Designgraphik\nhttps://t.co/nrs36l5XBi https://t.co/K3jbHxIyJ8","0","0","0","0","0","27","1866655472419233869","","","",""
"2024-12-11T01:25:11.000Z","1832361636901834752","1866655435140616487","Today's Hacked! p4photel /blog/today-s-h… #hack #hacked #data #leak #breach #ThreatSlayer  #risk #attack #Cryptocurrency\nthreat actor sent over 35,000 phishing emails after hacking into Ethereum Foundation's account on a mailing list platform https://t.co/nS9zkNhdr5","0","0","2","0","0","65","1866655435140616487","","","",""
"2024-12-11T01:24:44.000Z","1833673543340466176","1866655322619904009","que queja tienes??\n ¿Cuenta hackeada?\n Contraseña incorrecta ??\n cuenta perdida??\n Etc.\n #Fidelidad #Nuezmoscada #eToro\n #Ameritrade #Elevest #Bellotas\n #CoinbaseWallet #ZenGo\n #Metamask #TrezorW#frasesemilallet #minería #coin #tecnología #blockchain #innovación\n #TrustWallet https://t.co/HCmezvyyoU","0","0","0","0","0","1","1866655322619904009","","","",""
"2024-12-11T01:21:58.000Z","2991909876","1866654625476288912","RT @BetaMoroney: #AI Being Embraced at Twice the Speed of #Web and #PCs\n\n#artificialintelligence #generativeai #data #cybersecurity #digita…","4","0","0","0","0","0","1866654625476288912","","","",""
"2024-12-11T01:20:19.000Z","1831501747832999936","1866654212228002171","Video: Founder and CEO Discusses Vision and Journey to Build IMSS -  Patricia O'Donnell, founder and #CEO  of shares her journey to lead one of the fastest-growing #data  management platforms in #assetmanagement industry.  https://t.co/5PJMMwqtId https://t.co/cBjvPBQ167","0","0","0","0","0","3","1866654212228002171","","","",""
"2024-12-11T01:20:18.000Z","148349212","1866654207350079975","Con esta GUIA DE COMPRA podrás conocer la mejor opción de laptops para adquirir esta Navidad\n\nhttps://t.co/ufB0Uedr4n\n\n#somosflow #tecnología","0","0","0","0","0","15","1866654207350079975","","","",""
"2024-12-11T01:19:47.000Z","16645670","1866654076504773104","""#Decentralized #data #centers are a game changer. They bring computing power and data storage closer to where the data generation occurs. This reduces latency and ensures more reliable access to information"". - @BrehmSean0525","1","0","2","0","0","7","1866654076504773104","","","",""
"2024-12-11T01:19:15.000Z","4004837655","1866653942404485247","It pays to share your data with TARTLE! I've just earned for my valuable insights. Discover how your data can reward you too! Join me here: https://t.co/FYsNe28eKp #data #TARTLE","0","0","0","0","0","2","1866653942404485247","","","",""
"2024-12-11T01:18:30.000Z","1661788049729114112","1866653755426361593","#Tecnología 🔴| Como es tradición, Google presenta el reporte de los temas y personalidades más buscadas en la plataforma durante el último año. \n\nEn 2024, el deporte nuevamente fue el que marcó la conversación, especialmente por los torneos de selecciones que hubo a mitad de… https://t.co/fcludrW4RC https://t.co/nkHAyJHTiU","0","0","0","0","0","44","1866653755426361593","","","",""
"2024-12-11T01:18:30.000Z","827523433244274689","1866653754314887435","RT @DebiEvansMatron: I’m not even sure HOW to respond to this @MHRAgovuk \n\nWHAT is the point in filling out a #YellowCard when Baroness Cum…","13","0","0","0","0","0","1866653754314887435","","","",""
"2024-12-11T01:17:11.000Z","3406826223","1866653422293782533","Noticias sobre #tecnología #gadgets #móviles #smartphones #ofertas #compraonline #chollos y cosas #gratis en internet. Estamos en https://t.co/6t5YT1J9VR\n\n https://t.co/pcjQHi0b7Z","0","0","0","0","0","6","1866653422293782533","","","",""
"2024-12-11T01:15:50.000Z","63446482","1866653082815434967","RT @CurieuxExplorer: There's an AI for that! 🚀\n\n10 AI tools released recently 🔍💡\nBookmark for later! 🔖\n\nA Thread 🧵👇\nVideo Magic 🪄 @Kling_ai…","29","0","0","0","0","0","1866653082815434967","","","",""
"2024-12-11T01:12:54.000Z","837106447431299072","1866652344009519534","Understand how you can improve #patient outcomes and reduce #healthcare costs by using your #data to better plan, operate your business, support your team members, and develop evidence-based care approaches. Discover how in this @Oracle Business Brief: https://t.co/fsY4o92VDQ","0","0","0","0","0","6","1866652344009519534","","","",""
"2024-12-11T01:12:23.000Z","1738886357408423936","1866652215466963173","RT @OpticaWorldwide: This wireless #network enables seamless mobile communication utilizing light, operating across air, land, and sea: htt…","0","0","0","0","0","0","1866652215466963173","","","",""
"2024-12-11T01:11:45.000Z","1752265962529656832","1866652053902332128","For Hacking, Recovery, Tracking, missing phone or finding someone’s location Dm now!\n\n#MachineLearning #Jupyter #SQL #DataScience  #Cybersecurity #BigData #Analytics #Python  #TensorFlow #JavaScript #MISPL #DataScientist #Linux #Programming #Coding #100DaysofCode #Data #Flutter https://t.co/S8eYn1mylr","0","0","0","0","0","1","1866652053902332128","","","",""
"2024-12-11T01:11:24.000Z","1752265962529656832","1866651966186623052","To Hack or Recover your account Dm now\n#healthcare #Algorithms #Wearables #virtual #DataScience #Python #Snapchat #Cloud #Whatsapp #flutter #Serverless #blockchain #publichealth #BigData #Gmailhecked #100DaysOfCode #IoT #startup #Statistics #Data #Analytics #Automation #NFTs https://t.co/crKngtOEWg","0","0","0","0","0","1","1866651966186623052","","","",""
"2024-12-11T01:11:23.000Z","1833673543340466176","1866651965385851118","For hacking or any account Recovery Dm now ! #Roblox #RobloxDown #TikTok #Discord #reddit #Data Science #Data Scientists #Snapchat #Tech #deeplearning #CyberSecurity #Python #Coding #javascript #rstats #100DaysOfCode #facebooksupport #Linux #BigData #snapchatdown #telegram https://t.co/0qMjbfpX4H","0","0","0","0","0","1","1866651965385851118","","","",""
"2024-12-11T01:11:14.000Z","1752265962529656832","1866651926403969449","To Hack or Recover your account Dm now\n#Algorithms #Wearables #health #DataScience #Python #Cloud #AI #flutter #Serverless #Gmail #Snapchat  #Blockchain #BigData #Rstats #100DaysOfCode #IoT #startup #Data #Analytics #Automation #digitalhealth #Instagram  #cybersecurity #Robotic https://t.co/QJYmvqwhtM","0","0","0","0","0","1","1866651926403969449","","","",""
"2024-12-11T01:11:05.000Z","16134137","1866651888214544693","Distributed data is a fact of life for most organizations. How can you overcome the challenges with managing #distributed #data? Read the new Best Practices Report from TDWI! #BestPractices #TDWI | https://t.co/k1ll2fHqkD https://t.co/NnWl8Qy15B","0","0","0","0","0","56","1866651888214544693","","","",""
"2024-12-11T01:09:26.000Z","1859410941525598208","1866651474220159247","RT @PorLaViaXLaVida: 👀#Tecnología para mejorar la calidad de vida de los ciudadanos en las vías.","2","0","0","0","0","0","1866651474220159247","","","",""
"2024-12-11T01:07:33.000Z","1682290091325263873","1866650999059800385","RT @JeanClaudeZone: Police Shootings By Race… \n#Data #Crime #Police #USA #Statistics https://t.co/mwtA4kXlG7","4","0","0","0","0","0","1866650999059800385","","","",""
"2024-12-11T01:05:31.000Z","723922068903874560","1866650487073935806","Además, contamos con atención inmediata y personalizada para resolver tus preguntas y brindarte el apoyo que necesitas en cada paso. ¡Explora todos los recursos disponibles y lleva tu proyecto al siguiente nivel! 💻🚀\n\n#iHosting #Hosting #dominio #dominioweb #Tecnología #Web","0","0","0","0","0","6","1866650487073935806","","","",""
"2024-12-11T01:05:02.000Z","1781418543747411968","1866650363865993340","#Trending Post : 27 Free Image Datasets to Boost Your Computer Vision Project https://t.co/o4pQfPuuDH\n\n#technology #Tech #TechNews #Tech4All #Trending #TrendingNow #AI #Software #cybersecurity #Security #CryptoNews #Bitcoin #bitcoin100k #business #data https://t.co/HnhBfZJtRf","0","0","0","0","0","11","1866650363865993340","","","",""
"2024-12-11T01:04:59.000Z","1064972977618411520","1866650354760196535","Is your HR data migration a headache? We get it! From remediation to archiving, Mero's got you covered.\n\nWe handle complexities with a data-focused approach, managing datasets &amp; fixing errors before they hit your new system. 🙌🏽\n\nhttps://t.co/nm5N8WhnOm #HR #Data #Migration #NZ","0","0","0","0","0","1","1866650354760196535","","","",""
"2024-12-11T01:04:59.000Z","1015011271584829442","1866650353480982724","Is your HR data migration a headache? We get it! From remediation to archiving, Mero's got you covered.\n\nWe handle complexities with a data-focused approach, managing datasets &amp; fixing errors before they hit your new system. 🙌🏽\n\nhttps://t.co/cf421KM6v8 #HR #Data #Migration #NZ","0","0","0","0","0","1","1866650353480982724","","","",""
"2024-12-11T01:04:43.000Z","850108734","1866650287035089274","It pays to share your data with TARTLE! I've just earned for my valuable insights. Discover how your data can reward you too! Join me here: https://t.co/Oj5sQ5hhF3 #data #TARTLE","0","0","0","0","0","6","1866650287035089274","","","",""
"2024-12-11T01:04:00.000Z","1650906505753894918","1866650105102663763","🤖🌍 En el #DíaDeLosDerechosHumanos reafirmamos nuestro compromiso por:\n💡 Promover sistemas de #IA que respeten la dignidad y los #derechoshumanos.\n💡 Impulsar políticas para el aprovechamiento #responsable de la #tecnología\nTrabajamos para que el futuro #digital sea justo ✊ https://t.co/5l67ceVQ3o","0","0","1","0","0","22","1866650105102663763","","","",""
"2024-12-11T01:03:07.000Z","1801203742517207040","1866649882830012626","Which requests are best suited for self-service tech? In today's Tuesday Research Rundown, we share findings on how people choose self-service for different types of interactions. 💡 #DialZero #Research #Technology #TechInnovation #Tecnologia https://t.co/i30kDIiMXn","0","0","1","0","0","10","1866649882830012626","","","",""
"2024-12-11T01:02:26.000Z","1844801225096822785","1866649713195294822","OpenAI lanza Sora, el modelo que convierte texto en videos HD. 🎥 Con herramientas como storyboard y animación, está disponible para usuarios Plus y Pro. ¿Lo usarías? 🤖✨ #openai #inteligenciaartificial #tecnologia #rafhatech https://t.co/axLQRiEShD","0","0","0","0","0","13","1866649713195294822","","","",""
"2024-12-11T01:02:23.000Z","1832361636901834752","1866649699727352046","Contact me for any hacking or recovery account \n#MachineLearning #NFTs #programming #DataScientists #Analytics #BigData #AI #DataScience #WhatsApp #javascript #TensorFlow #Coding #Serverless #100DaysOfCode #CodeNewbie #IoT #snapchatdown #Instagram #DataAnalytics  #Data #Database https://t.co/u5Q2h0oDco","0","0","0","0","0","4","1866649699727352046","","","",""
"2024-12-11T01:02:00.000Z","355898177","1866649601727447465","[Data Update]\n\nOpen Development Cambodia (ODC) updated an existing dataset on “Special economic zone in Cambodia” by adding 1 new map feature of Fengfu Svay Rieng SEZ in Svay Rieng province.\n\n👉 Read more: https://t.co/CTWk7FuobI\n\n#Data #Update #SpecialEconomicZone #SEZ https://t.co/AcmX6mvaRk","0","0","0","0","0","10","1866649601727447465","","","",""
"2024-12-11T01:01:31.000Z","1246480751425728512","1866649479878709556","RT @RevistaSemana: #Tecnología | Científicos se sorprenden con hallazgo del cráter más grande de la Luna: “nuestro trabajo desafía muchas d…","2","0","0","0","0","0","1866649479878709556","","","",""
"2024-12-11T01:01:17.000Z","1832361636901834752","1866649421095620685","To Hack or Recover your account Dm now\n#Algorithms #Wearables #health #DataScience #Python #Cloud #AI #flutter #Serverless #Gmail #Snapchat  #Blockchain #BigData #Rstats #100DaysOfCode #IoT #startup #Data #Analytics #Automation #digitalhealth #Instagram  #cybersecurity #Robotic https://t.co/qD9lNLcehA","0","0","0","0","0","4","1866649421095620685","","","",""
"2024-12-11T01:01:02.000Z","1832361636901834752","1866649360429088785","To Hack or Recover your account Dm now\n#healthcare #Algorithms #Wearables #virtual #DataScience #Python #Snapchat #Cloud #Whatsapp #flutter #Serverless #blockchain #publichealth #BigData #Gmailhecked #100DaysOfCode #IoT #startup #Statistics #Data #Analytics #Automation #NFTs https://t.co/17p36dJKcR","0","0","0","0","0","3","1866649360429088785","","","",""
